time,ax,ay,az,aT
0.003000,0.0415,0.2407,0.0927,0.261
0.003000,-0.1324,0.2387,0.0230,0.274
0.005000,-0.1818,0.2372,-0.0792,0.309
0.010000,-0.0955,0.2070,-0.0691,0.238
0.015000,0.0046,0.1530,0.0051,0.153
0.020000,0.0398,0.1064,0.0288,0.117
0.027000,0.0463,0.0794,-0.0118,0.093
0.030000,0.0507,0.0622,-0.0402,0.090
0.035000,0.0673,0.0309,-0.0090,0.075
0.039000,0.0671,0.0115,0.0220,0.072
0.045000,0.0239,-0.0031,0.0099,0.026
0.051000,-0.0001,-0.0128,-0.0068,0.014
0.054000,0.0162,-0.0201,-0.0067,0.027
0.059000,0.0490,-0.0416,-0.0114,0.065
0.064000,0.0697,-0.0605,-0.0089,0.093
0.069000,0.0833,-0.0650,0.0031,0.106
0.077000,0.0921,-0.0599,0.0054,0.110
0.085000,0.0963,-0.0620,0.0078,0.115
0.089000,0.0482,-0.0784,0.0172,0.094
0.095000,0.0361,-0.0708,0.0194,0.082
0.100000,0.0122,-0.0561,0.0074,0.058
0.104000,-0.0046,-0.0509,-0.0022,0.051
0.109000,-0.0047,-0.0505,-0.0140,0.053
0.114000,0.0000,-0.0549,0.0051,0.055
0.118000,-0.0047,-0.0474,0.0193,0.051
0.126000,-0.0047,-0.0351,0.0025,0.035
0.129000,0.0025,-0.0276,0.0120,0.030
0.134000,-0.0069,-0.0225,0.0190,0.030
0.138000,-0.0163,-0.0198,0.0117,0.028
0.144000,-0.0256,-0.0121,0.0116,0.031
0.148000,-0.0323,-0.0141,0.0044,0.036
0.153000,-0.0297,-0.0137,-0.0099,0.034
0.160000,-0.0343,-0.0062,-0.0075,0.036
0.164000,-0.0246,0.0083,0.0045,0.026
0.168000,-0.0222,0.0132,-0.0075,0.027
0.174000,-0.0198,0.0180,-0.0121,0.029
0.182000,-0.0102,0.0275,-0.0073,0.030
0.183000,0.0016,0.0321,-0.0049,0.033
0.188000,0.0156,0.0391,-0.0024,0.042
0.199000,0.0344,0.0483,-0.0096,0.060
0.203000,0.0509,0.0409,-0.0024,0.065
0.210000,0.0247,0.0453,0.0071,0.052
0.213000,0.0081,0.0427,-0.0024,0.043
0.217000,-0.0059,0.0424,0.0023,0.043
0.222000,-0.0294,0.0589,0.0118,0.067
0.228000,-0.0385,0.0705,0.0046,0.080
0.232000,-0.0403,0.0678,0.0069,0.079
0.237000,-0.0352,0.0723,0.0044,0.081
0.243000,-0.0324,0.0743,-0.0099,0.082
0.248000,-0.0298,0.0692,-0.0122,0.076
0.253000,-0.0200,0.0593,-0.0097,0.063
0.258000,-0.0103,0.0495,-0.0096,0.052
0.262000,-0.0052,0.0471,0.0023,0.047
0.267000,-0.0026,0.0352,0.0118,0.037
0.271000,-0.0071,0.0330,0.0116,0.036
0.282000,-0.0021,0.0405,0.0163,0.044
0.283000,0.0053,0.0433,0.0113,0.045
0.286000,0.0008,0.0388,0.0017,0.039
0.292000,-0.0037,0.0344,-0.0007,0.035
0.297000,-0.0081,0.0419,-0.0031,0.043
0.301000,-0.0101,0.0374,-0.0055,0.039
0.311000,-0.0192,0.0257,-0.0031,0.032
0.316000,0.0002,0.0188,-0.0102,0.021
0.321000,-0.0092,0.0119,-0.0173,0.023
0.326000,-0.0137,0.0025,-0.0267,0.030
0.332000,-0.0087,-0.0021,-0.0241,0.026
0.336000,-0.0039,-0.0044,-0.0144,0.016
0.342000,0.0033,-0.0162,-0.0190,0.025
0.346000,0.0153,-0.0184,-0.0165,0.029
0.351000,0.0129,-0.0159,-0.0092,0.022
0.355000,0.0129,-0.0301,0.0075,0.034
0.361000,0.0176,-0.0299,0.0193,0.040
0.366000,0.0154,-0.0226,0.0144,0.031
0.370000,0.0059,-0.0249,0.0000,0.026
0.378000,0.0036,-0.0343,-0.0071,0.035
0.381000,0.0108,-0.0367,-0.0047,0.038
0.385000,0.0107,-0.0319,-0.0141,0.036
0.391000,0.0011,-0.0438,-0.0163,0.047
0.395000,-0.0012,-0.0673,-0.0115,0.068
0.400000,0.0035,-0.0931,0.0100,0.094
0.405000,0.0105,-0.1066,0.0242,0.110
0.410000,0.0223,-0.1153,0.0216,0.119
0.415000,0.0197,-0.1167,0.0119,0.119
0.426000,0.0172,-0.1109,0.0047,0.112
0.431000,0.0051,-0.0957,0.0094,0.096
0.435000,-0.0022,-0.0830,-0.0002,0.083
0.439000,-0.0141,-0.0657,-0.0168,0.069
0.445000,-0.0166,-0.0414,-0.0119,0.046
0.449000,0.0070,-0.0102,0.0167,0.021
0.454000,0.0211,0.0066,0.0356,0.042
0.459000,0.0186,0.0185,0.0353,0.044
0.464000,0.0163,0.0281,0.0112,0.034
0.469000,-0.0027,0.0352,-0.0126,0.037
0.477000,-0.0193,0.0397,-0.0220,0.049
0.481000,-0.0169,0.0441,-0.0242,0.053
0.485000,-0.0145,0.0436,-0.0240,0.052
0.489000,-0.0122,0.0336,-0.0167,0.039
0.497000,-0.0099,0.0379,-0.0070,0.040
0.499000,-0.0029,0.0397,0.0002,0.040
0.504000,0.0088,0.0416,0.0073,0.043
0.525000,0.0252,0.0387,0.0120,0.048
0.526000,0.0297,0.0311,0.0095,0.044
0.527000,0.0225,0.0284,0.0166,0.040
0.527000,0.0154,0.0188,0.0164,0.029
0.529000,0.0179,0.0068,-0.0003,0.019
0.538000,0.0155,0.0044,-0.0003,0.016
0.545000,0.0085,0.0093,0.0163,0.021
0.548000,-0.0032,0.0118,0.0138,0.018
0.555000,-0.0125,0.0071,-0.0030,0.015
0.560000,-0.0195,0.0025,-0.0030,0.020
0.564000,-0.0146,0.0002,-0.0030,0.015
0.569000,-0.0027,0.0074,-0.0077,0.011
0.574000,0.0043,0.0098,-0.0219,0.024
0.579000,0.0017,-0.0020,-0.0098,0.010
0.584000,0.0016,-0.0042,0.0069,0.008
0.589000,0.0110,-0.0016,-0.0074,0.013
0.596000,0.0085,0.0057,-0.0026,0.011
0.602000,0.0107,0.0081,0.0045,0.014
0.604000,0.0153,0.0082,-0.0003,0.017
0.612000,0.0176,0.0082,-0.0003,0.019
0.613000,0.0198,0.0083,-0.0003,0.021
0.618000,0.0078,0.0059,-0.0145,0.018
0.623000,-0.0018,0.0035,-0.0192,0.020
0.628000,-0.0042,0.0034,-0.0095,0.011
0.633000,-0.0137,0.0008,-0.0047,0.014
0.638000,-0.0090,-0.0018,-0.0094,0.013
0.643000,-0.0045,-0.0069,-0.0164,0.018
0.653000,0.0169,-0.0164,0.0123,0.027
0.658000,0.0597,-0.0186,0.0691,0.093
0.663000,0.0715,-0.0230,0.0685,0.102
0.667000,0.0572,-0.0225,0.0394,0.073
0.673000,0.0218,-0.0099,0.0153,0.028
0.679000,-0.0113,0.0049,0.0152,0.020
0.683000,-0.0181,0.0052,0.0150,0.024
0.687000,-0.0201,0.0175,0.0125,0.029
0.698000,-0.0173,0.0440,0.0100,0.048
0.699000,-0.0074,0.0609,0.0028,0.061
0.702000,-0.0119,0.0681,0.0003,0.069
0.707000,-0.0139,0.0707,0.0027,0.072
0.713000,-0.0112,0.0755,0.0074,0.077
0.716000,-0.0038,0.0685,0.0120,0.070
0.722000,0.0059,0.0592,0.0000,0.060
0.727000,0.0061,0.0523,-0.0000,0.053
0.732000,0.0063,0.0384,0.0047,0.039
0.737000,0.0112,0.0269,-0.0120,0.031
0.741000,0.0090,0.0154,-0.0214,0.028
0.746000,0.0021,-0.0056,-0.0142,0.015
0.752000,0.0048,-0.0193,-0.0188,0.027
0.757000,-0.0045,-0.0283,-0.0329,0.044
0.766000,-0.0092,-0.0328,-0.0374,0.051
0.771000,0.0147,-0.0350,-0.0205,0.043
0.780000,0.0361,-0.0370,-0.0037,0.052
0.781000,0.0384,-0.0367,0.0106,0.054
0.786000,0.0337,-0.0387,0.0152,0.054
0.791000,0.0267,-0.0407,0.0175,0.052
0.798000,0.0102,-0.0331,0.0078,0.036
0.801000,-0.0062,-0.0209,-0.0065,0.023
0.806000,-0.0226,-0.0088,-0.0136,0.028
0.811000,-0.0248,-0.0016,-0.0158,0.029
0.815000,-0.0223,0.0080,-0.0110,0.026
0.820000,-0.0173,0.0152,-0.0014,0.023
0.825000,-0.0077,0.0105,0.0081,0.015
0.831000,-0.0125,0.0249,0.0057,0.028
0.836000,-0.0076,0.0439,-0.0063,0.045
0.840000,-0.0004,0.0365,-0.0110,0.038
0.846000,-0.0100,0.0244,-0.0109,0.029
0.850000,-0.0125,0.0267,-0.0132,0.032
0.855000,-0.0031,0.0218,-0.0154,0.027
0.860000,0.0063,0.0052,-0.0153,0.017
0.865000,0.0110,-0.0018,-0.0057,0.013
0.870000,0.0251,0.0008,-0.0033,0.025
0.880000,0.0321,-0.0015,0.0063,0.033
0.885000,0.0130,-0.0086,-0.0057,0.017
0.890000,0.0012,-0.0086,-0.0246,0.026
0.896000,-0.0178,-0.0254,-0.0410,0.051
0.901000,-0.0249,-0.0327,-0.0383,0.056
0.904000,-0.0129,-0.0352,-0.0237,0.044
0.927000,0.0013,-0.0376,-0.0045,0.038
0.928000,0.0060,-0.0400,0.0098,0.042
0.928000,-0.0013,-0.0376,0.0121,0.039
0.928000,0.0082,-0.0351,0.0096,0.037
0.928000,0.0224,-0.0303,0.0096,0.039
0.933000,0.0341,-0.0207,0.0095,0.041
0.939000,0.0243,-0.0136,0.0047,0.028
0.947000,0.0003,-0.0113,0.0094,0.015
0.950000,-0.0093,-0.0066,0.0141,0.018
0.953000,0.0002,0.0029,0.0068,0.007
0.958000,0.0120,0.0149,0.0044,0.020
0.965000,0.0024,0.0195,0.0044,0.020
0.968000,-0.0023,0.0243,0.0043,0.025
0.974000,0.0024,0.0219,0.0162,0.027
0.979000,0.0024,0.0218,0.0208,0.030
0.985000,0.0048,0.0194,0.0158,0.026
0.998000,0.0047,0.0052,0.0038,0.008
0.999000,-0.0024,0.0171,0.0062,0.018
1.003000,0.0073,0.0076,0.0061,0.012
1.008000,0.0167,0.0054,0.0060,0.019
1.013000,0.0120,0.0032,0.0084,0.015
1.018000,0.0072,-0.0014,0.0035,0.008
1.023000,0.0048,0.0034,-0.0036,0.007
1.028000,-0.0022,0.0082,-0.0202,0.022
1.032000,-0.0045,-0.0039,-0.0224,0.023
1.038000,-0.0045,0.0032,-0.0175,0.018
1.043000,-0.0093,0.0030,-0.0078,0.013
1.047000,-0.0093,-0.0114,-0.0006,0.015
1.052000,-0.0021,-0.0043,-0.0078,0.009
1.057000,-0.0021,0.0003,-0.0124,0.013
1.062000,-0.0044,-0.0022,-0.0076,0.009
1.068000,0.0028,-0.0023,0.0067,0.008
1.072000,0.0123,0.0048,0.0162,0.021
1.090000,0.0122,0.0119,0.0113,0.020
1.091000,0.0051,0.0072,0.0064,0.011
1.091000,-0.0044,0.0024,0.0040,0.006
1.092000,-0.0091,-0.0095,-0.0008,0.013
1.097000,-0.0162,-0.0093,0.0016,0.019
1.106000,-0.0065,0.0052,0.0063,0.010
1.111000,0.0030,0.0005,-0.0032,0.004
1.117000,0.0055,-0.0065,-0.0127,0.015
1.122000,-0.0089,-0.0039,0.0017,0.010
1.127000,-0.0136,-0.0014,-0.0007,0.014
1.132000,-0.0064,-0.0085,-0.0055,0.012
1.136000,-0.0016,-0.0012,-0.0007,0.002
1.141000,0.0055,0.0108,0.0017,0.012
1.146000,0.0173,0.0084,-0.0007,0.019
1.151000,0.0196,-0.0034,-0.0031,0.020
1.156000,0.0124,0.0014,-0.0031,0.013
1.160000,0.0053,0.0037,-0.0030,0.007
1.167000,0.0054,-0.0011,-0.0030,0.006
1.171000,0.0007,0.0012,-0.0149,0.015
1.179000,-0.0017,0.0034,-0.0195,0.020
1.180000,-0.0041,-0.0086,-0.0169,0.019
1.186000,-0.0066,-0.0040,-0.0073,0.011
1.190000,-0.0042,0.0007,0.0047,0.006
1.196000,0.0076,-0.0041,0.0046,0.010
1.200000,0.0313,-0.0040,0.0070,0.032
1.205000,0.0264,0.0009,0.0045,0.027
1.210000,0.0168,0.0033,-0.0003,0.017
1.220000,0.0167,0.0058,-0.0003,0.018
1.225000,0.0048,0.0106,0.0045,0.012
1.231000,0.0048,0.0155,-0.0003,0.016
1.235000,0.0025,0.0178,-0.0075,0.019
1.240000,0.0001,0.0202,-0.0074,0.022
1.245000,-0.0118,0.0249,-0.0097,0.029
1.250000,-0.0118,0.0343,-0.0168,0.040
1.255000,0.0001,0.0222,-0.0119,0.025
1.259000,0.0073,0.0126,0.0072,0.016
1.264000,0.0072,0.0127,0.0095,0.017
1.271000,0.0049,0.0127,0.0047,0.014
1.276000,0.0026,0.0199,0.0070,0.021
1.279000,-0.0140,0.0152,-0.0002,0.021
1.285000,-0.0044,0.0199,-0.0049,0.021
1.290000,0.0027,0.0197,-0.0073,0.021
1.297000,-0.0067,0.0173,-0.0072,0.020
1.299000,-0.0018,0.0195,0.0071,0.021
1.304000,0.0030,0.0171,0.0094,0.020
1.326000,0.0030,0.0147,-0.0073,0.017
1.327000,0.0078,0.0146,-0.0167,0.024
1.327000,0.0054,0.0145,-0.0071,0.017
1.327000,-0.0041,0.0144,0.0001,0.015
1.335000,-0.0088,0.0071,0.0001,0.011
1.338000,-0.0016,0.0094,-0.0023,0.010
1.343000,-0.0016,0.0069,-0.0023,0.007
1.349000,0.0056,0.0045,0.0049,0.009
1.354000,0.0127,0.0092,0.0119,0.020
1.361000,0.0079,0.0044,0.0118,0.015
1.364000,-0.0039,-0.0122,0.0046,0.014
1.368000,0.0009,-0.0144,-0.0049,0.015
1.374000,-0.0038,-0.0119,-0.0096,0.016
1.378000,-0.0109,-0.0213,-0.0048,0.024
1.383000,-0.0037,-0.0210,-0.0071,0.023
1.388000,0.0034,-0.0160,-0.0047,0.017
1.397000,0.0082,-0.0182,0.0072,0.021
1.398000,0.0059,-0.0227,0.0119,0.026
1.403000,-0.0012,-0.0200,0.0118,0.023
1.407000,-0.0036,-0.0127,0.0022,0.013
1.419000,-0.0012,-0.0055,-0.0026,0.006
1.420000,0.0108,-0.0102,-0.0026,0.015
1.423000,0.0084,-0.0196,-0.0049,0.022
1.428000,-0.0035,-0.0146,-0.0049,0.016
1.433000,-0.0011,-0.0192,0.0046,0.020
1.437000,-0.0083,-0.0142,0.0117,0.020
1.447000,-0.0058,-0.0023,0.0093,0.011
1.452000,0.0062,0.0025,-0.0027,0.007
1.458000,0.0062,-0.0023,0.0045,0.008
1.462000,-0.0057,0.0025,0.0044,0.008
1.467000,-0.0009,-0.0046,-0.0004,0.005
1.472000,0.0062,-0.0092,-0.0027,0.011
1.480000,0.0086,-0.0043,0.0020,0.010
1.482000,0.0134,0.0029,0.0139,0.020
1.486000,0.0087,0.0054,0.0114,0.015
1.492000,0.0039,0.0054,-0.0006,0.007
1.501000,0.0038,0.0078,-0.0101,0.013
1.502000,-0.0033,0.0054,-0.0100,0.012
1.507000,-0.0033,0.0031,-0.0004,0.005
1.511000,-0.0032,-0.0064,0.0067,0.010
1.516000,0.0040,-0.0087,0.0019,0.010
1.521000,0.0135,-0.0038,0.0042,0.015
1.527000,0.0111,0.0011,0.0066,0.013
1.532000,0.0087,0.0084,0.0041,0.013
1.536000,0.0088,0.0037,0.0112,0.015
1.541000,-0.0030,0.0014,0.0040,0.005
1.546000,-0.0029,-0.0057,-0.0032,0.007
1.551000,-0.0029,-0.0104,-0.0031,0.011
1.560000,-0.0124,-0.0032,-0.0126,0.018
1.565000,0.0114,0.0039,-0.0078,0.014
1.571000,0.0066,-0.0080,-0.0053,0.012
1.579000,0.0042,0.0016,0.0042,0.006
1.580000,0.0066,0.0088,-0.0006,0.011
1.585000,0.0041,-0.0055,-0.0077,0.010
1.590000,-0.0054,-0.0079,-0.0029,0.010
1.597000,-0.0031,-0.0102,0.0019,0.011
1.600000,0.0088,-0.0006,-0.0005,0.009
1.605000,0.0135,0.0042,0.0090,0.017
1.610000,0.0039,0.0043,0.0066,0.009
1.615000,-0.0080,0.0186,-0.0006,0.020
1.620000,-0.0079,0.0209,-0.0006,0.022
1.625000,-0.0030,0.0136,-0.0030,0.014
1.630000,-0.0006,0.0041,0.0065,0.008
1.634000,-0.0006,0.0040,0.0065,0.008
1.639000,-0.0030,0.0088,-0.0078,0.012
1.644000,-0.0030,0.0134,-0.0101,0.017
1.649000,-0.0005,0.0110,-0.0077,0.013
1.655000,-0.0052,0.0085,-0.0052,0.011
1.658000,-0.0051,0.0133,0.0019,0.014
1.665000,-0.0003,0.0156,0.0043,0.016
1.679000,-0.0051,0.0132,0.0042,0.015
1.680000,0.0093,0.0083,-0.0101,0.016
1.684000,0.0022,0.0011,0.0019,0.003
1.688000,0.0022,-0.0060,0.0043,0.008
1.699000,0.0094,-0.0036,0.0090,0.013
1.703000,0.0046,-0.0011,0.0113,0.012
1.706000,-0.0050,-0.0034,0.0040,0.007
1.711000,-0.0120,-0.0081,-0.0031,0.015
1.715000,-0.0049,-0.0009,-0.0007,0.005
1.724000,0.0117,0.0039,0.0040,0.013
1.724000,0.0069,-0.0010,-0.0055,0.009
1.728000,0.0046,-0.0033,-0.0078,0.010
1.733000,0.0141,0.0016,-0.0101,0.017
1.739000,0.0045,0.0135,-0.0029,0.015
1.744000,-0.0073,0.0182,0.0042,0.020
1.748000,-0.0049,0.0181,-0.0006,0.019
1.753000,-0.0049,0.0228,-0.0006,0.023
1.758000,-0.0025,0.0250,0.0042,0.025
1.762000,0.0023,0.0271,0.0089,0.029
1.768000,0.0025,0.0270,0.0064,0.028
1.772000,0.0097,0.0198,0.0064,0.023
1.779000,0.0074,0.0126,0.0016,0.015
1.788000,0.0004,0.0126,0.0039,0.013
1.795000,-0.0043,-0.0112,-0.0104,0.016
1.797000,-0.0114,-0.0110,-0.0150,0.022
1.803000,-0.0065,-0.0275,-0.0078,0.029
1.807000,0.0030,-0.0249,-0.0030,0.025
1.813000,0.0126,-0.0198,0.0042,0.024
1.817000,0.0102,-0.0171,0.0208,0.029
1.822000,0.0054,-0.0168,0.0182,0.025
1.827000,0.0078,-0.0142,0.0014,0.016
1.832000,0.0006,0.0003,-0.0057,0.006
1.837000,0.0008,0.0122,-0.0009,0.012
1.842000,0.0031,0.0122,-0.0033,0.013
1.846000,0.0078,0.0121,-0.0009,0.014
1.851000,0.0030,0.0167,0.0015,0.017
1.856000,-0.0064,0.0237,-0.0033,0.025
1.862000,0.0008,0.0212,-0.0033,0.021
1.867000,0.0033,0.0186,-0.0032,0.019
1.871000,-0.0014,0.0113,-0.0008,0.011
1.877000,-0.0037,0.0065,0.0016,0.008
1.881000,-0.0013,0.0088,0.0015,0.009
1.887000,-0.0012,0.0040,-0.0056,0.007
1.891000,0.0012,-0.0080,0.0016,0.008
1.901000,0.0036,-0.0125,0.0158,0.020
1.905000,0.0061,-0.0028,-0.0081,0.010
1.912000,0.0037,-0.0098,-0.0033,0.011
1.915000,-0.0058,-0.0073,0.0039,0.010
1.922000,-0.0081,-0.0096,0.0015,0.013
1.926000,0.0014,-0.0166,-0.0080,0.019
1.930000,0.0086,-0.0188,-0.0080,0.022
1.935000,0.0037,-0.0139,-0.0032,0.015
1.940000,0.0013,-0.0113,0.0040,0.012
1.947000,0.0038,-0.0088,0.0063,0.011
1.950000,0.0061,-0.0039,-0.0009,0.007
1.955000,0.0013,0.0009,-0.0032,0.004
1.959000,0.0013,0.0104,-0.0103,0.015
1.965000,0.0059,0.0151,-0.0126,0.021
1.970000,-0.0037,0.0244,0.0017,0.025
1.975000,-0.0038,0.0336,-0.0006,0.034
1.981000,0.0009,0.0333,0.0017,0.033
1.984000,0.0009,0.0330,0.0065,0.034
1.990000,0.0056,0.0375,0.0064,0.038
1.996000,0.0103,0.0325,0.0111,0.036
1.999000,0.0080,0.0252,0.0086,0.028
2.005000,0.0081,0.0155,0.0086,0.019
2.016000,0.0033,0.0131,-0.0058,0.015
2.019000,-0.0038,-0.0035,-0.0033,0.006
2.024000,-0.0015,-0.0153,0.0157,0.022
2.029000,0.0080,-0.0198,0.0227,0.031
2.035000,0.0080,-0.0171,0.0177,0.026
2.039000,0.0104,-0.0073,0.0081,0.015
2.044000,0.0128,-0.0071,-0.0086,0.017
2.050000,0.0056,-0.0045,-0.0109,0.013
2.054000,0.0008,0.0005,0.0034,0.004
2.058000,0.0008,0.0103,0.0105,0.015
2.064000,-0.0015,0.0175,-0.0039,0.018
2.069000,0.0010,0.0128,-0.0133,0.019
2.074000,0.0105,0.0224,-0.0132,0.028
2.078000,0.0129,0.0296,0.0035,0.032
2.084000,0.0129,0.0225,0.0106,0.028
2.088000,0.0129,0.0369,0.0081,0.040
2.096000,-0.0036,0.0393,0.0056,0.040
2.098000,-0.0176,0.0298,-0.0111,0.036
2.103000,-0.0126,0.0297,-0.0205,0.038
2.108000,-0.0077,0.0225,-0.0156,0.028
2.113000,-0.0052,0.0224,-0.0036,0.023
2.118000,0.0020,0.0225,-0.0012,0.023
2.128000,0.0021,0.0226,-0.0036,0.023
2.133000,0.0046,0.0179,0.0107,0.021
2.138000,0.0094,0.0252,0.0130,0.030
2.144000,0.0142,0.0325,0.0176,0.040
2.147000,0.0120,0.0399,0.0269,0.050
2.153000,0.0050,0.0567,0.0243,0.062
2.157000,-0.0017,0.0569,0.0122,0.058
2.162000,-0.0109,0.0570,-0.0117,0.059
2.167000,-0.0248,0.0618,-0.0330,0.074
2.172000,-0.0317,0.0570,-0.0422,0.078
2.177000,-0.0220,0.0474,-0.0253,0.058
2.183000,-0.0004,0.0570,0.0153,0.059
2.187000,0.0187,0.0786,0.0650,0.104
2.195000,0.0357,0.0718,0.0857,0.117
2.196000,0.0456,0.0415,0.0636,0.089
2.202000,0.0317,0.0305,0.0155,0.047
2.207000,0.0060,0.0337,-0.0108,0.036
2.213000,-0.0124,0.0344,-0.0060,0.037
2.216000,-0.0094,0.0184,-0.0107,0.023
2.222000,-0.0065,0.0143,-0.0273,0.032
2.227000,0.0059,0.0316,-0.0343,0.047
2.231000,0.0086,0.0369,-0.0174,0.042
2.242000,-0.0076,0.0232,-0.0197,0.031
2.246000,0.0450,0.0286,-0.0243,0.059
2.251000,0.0644,0.0101,-0.0146,0.067
2.256000,0.0531,-0.0060,-0.0122,0.055
2.261000,0.0017,-0.0125,-0.0098,0.016
2.266000,-0.0570,-0.0309,-0.0382,0.075
2.271000,-0.0990,-0.0730,-0.0569,0.136
2.275000,-0.0839,-0.0865,-0.0089,0.121
2.281000,-0.0191,-0.0691,0.0030,0.072
2.286000,0.0166,-0.0564,-0.0255,0.064
2.291000,0.0192,-0.0652,-0.0230,0.072
2.295000,0.0123,-0.0694,-0.0109,0.071
2.301000,0.0031,-0.0666,-0.0322,0.074
2.305000,0.0080,-0.0592,-0.0461,0.075
2.311000,0.0225,-0.0400,-0.0149,0.048
2.315000,0.0251,-0.0208,0.0090,0.034
2.320000,0.0278,-0.0160,0.0208,0.038
2.327000,0.0234,-0.0230,0.0182,0.038
2.330000,0.0166,-0.0228,0.0038,0.028
2.336000,0.0122,-0.0250,0.0038,0.028
2.340000,-0.0016,-0.0224,0.0013,0.023
2.345000,-0.0082,-0.0081,-0.0200,0.023
2.355000,0.0018,-0.0081,-0.0222,0.024
2.359000,0.0024,-0.0032,-0.0007,0.004
2.364000,0.0076,0.0018,0.0064,0.010
2.370000,0.0034,0.0139,-0.0008,0.014
2.374000,-0.0102,0.0117,-0.0174,0.023
2.379000,-0.0215,0.0095,-0.0339,0.041
2.385000,-0.0044,0.0120,-0.0337,0.036
2.389000,0.0576,0.0145,-0.0049,0.060
2.396000,0.1219,0.0195,0.0331,0.128
2.399000,0.1130,0.0318,0.0518,0.128
2.404000,0.0572,0.0323,0.1011,0.121
2.412000,-0.0057,0.0281,0.1050,0.109
2.414000,-0.1186,0.0503,-0.0170,0.130
2.419000,-0.1957,0.0702,-0.1380,0.250
2.424000,-0.1680,0.0277,-0.1061,0.201
2.430000,-0.0672,-0.0104,0.0563,0.088
2.433000,0.0112,0.0112,0.1104,0.112
2.439000,0.0278,0.0378,0.0264,0.054
2.444000,0.0236,0.0429,0.0214,0.053
2.448000,0.0288,0.0262,0.0496,0.063
2.454000,0.0357,0.0285,-0.0196,0.050
2.458000,0.0069,0.0382,-0.0788,0.088
2.469000,-0.0091,0.0384,-0.0473,0.062
2.473000,0.0104,0.0264,0.0053,0.029
2.478000,-0.0012,0.0237,-0.0233,0.033
2.483000,-0.0032,0.0064,-0.0254,0.026
2.489000,-0.0098,0.0009,-0.0252,0.027
2.496000,-0.0119,0.0217,-0.0392,0.046
2.497000,-0.0066,0.0451,-0.0318,0.056
2.503000,-0.0038,0.0541,0.0207,0.058
2.507000,-0.0104,0.0535,0.0490,0.073
2.513000,-0.0147,0.0458,0.0201,0.052
2.518000,-0.0071,0.0429,-0.0061,0.044
2.522000,-0.0019,0.0399,-0.0156,0.043
2.527000,0.0080,0.0440,-0.0131,0.047
2.532000,0.0131,0.0578,-0.0035,0.059
2.539000,0.0040,0.0669,0.0084,0.068
2.542000,-0.0050,0.0691,0.0297,0.075
2.547000,-0.0045,0.0785,0.0365,0.087
2.552000,-0.0112,0.0783,0.0267,0.083
2.557000,-0.0201,0.0782,0.0075,0.081
2.562000,-0.0171,0.0850,-0.0092,0.087
2.568000,-0.0000,0.0941,-0.0139,0.095
2.572000,0.0077,0.1079,-0.0091,0.109
2.582000,0.0035,0.1074,-0.0114,0.108
2.587000,-0.0054,0.1212,-0.0066,0.122
2.592000,0.0025,0.1182,-0.0137,0.119
2.597000,0.0009,0.1104,-0.0065,0.111
2.601000,0.0065,0.1119,-0.0136,0.113
2.607000,0.0193,0.1205,-0.0253,0.125
2.613000,0.0225,0.1217,-0.0275,0.127
2.617000,0.0164,0.1229,-0.0107,0.124
2.622000,0.0080,0.1454,-0.0011,0.146
2.627000,0.0020,0.1795,-0.0058,0.180
2.631000,-0.0110,0.2014,-0.0010,0.202
2.637000,-0.0311,0.2136,-0.0224,0.217
2.642000,-0.0514,0.2280,-0.0483,0.239
2.647000,-0.0529,0.2517,-0.0527,0.263
2.653000,-0.0572,0.2635,-0.0759,0.280
2.661000,-0.0662,0.2753,-0.0848,0.296
2.661000,-0.0512,0.2847,-0.0224,0.290
2.670000,-0.0077,0.2871,0.0372,0.290
2.671000,0.0334,0.2800,0.0440,0.285
2.677000,0.0552,0.2731,0.0151,0.279
2.681000,0.0507,0.2402,-0.0325,0.248
2.685000,0.0012,0.1981,-0.0299,0.200
2.695000,-0.0338,0.1703,-0.0083,0.174
2.700000,0.0221,0.1500,0.0108,0.152
2.705000,0.0999,0.1205,0.0747,0.173
2.711000,0.1259,0.0889,0.1287,0.201
2.714000,0.0876,0.0812,0.0943,0.152
2.720000,0.0420,0.0784,-0.0276,0.093
2.724000,0.0036,0.0733,-0.0844,0.112
2.733000,-0.0632,0.0516,-0.0624,0.103
2.736000,-0.1205,0.0489,-0.0547,0.141
2.740000,-0.1068,0.0983,-0.0757,0.164
2.744000,-0.0625,0.1187,-0.0679,0.150
2.749000,-0.0417,0.0840,0.0300,0.098
2.755000,-0.0016,0.0823,0.0963,0.127
2.760000,0.1025,0.1234,0.0575,0.170
2.764000,0.1635,0.1219,-0.0142,0.204
2.770000,0.1108,0.0708,0.0096,0.132
2.774000,0.0154,0.0582,0.0356,0.070
2.778000,-0.0135,0.0693,-0.0430,0.083
2.784000,-0.0113,0.0398,-0.0332,0.053
2.789000,-0.0326,0.0321,0.0122,0.047
2.796000,-0.0583,0.0558,-0.0402,0.090
2.802000,-0.0438,0.0674,-0.0565,0.098
2.815000,-0.0137,0.0694,-0.0085,0.071
2.816000,-0.0362,0.0577,-0.0750,0.101
2.819000,-0.0157,0.0437,-0.0151,0.049
2.824000,-0.0142,0.0296,0.0729,0.080
2.829000,-0.0470,0.0397,-0.0512,0.080
2.834000,-0.0396,0.0616,-0.1553,0.172
2.839000,-0.0363,0.0592,0.0430,0.082
2.844000,-0.0501,0.0713,0.0236,0.090
2.849000,-0.0377,0.0645,-0.1024,0.127
2.853000,-0.0177,0.0264,0.0717,0.078
2.858000,0.0302,0.0432,0.0711,0.088
2.863000,0.0846,0.1004,-0.1052,0.168
2.869000,0.0421,0.0854,0.0310,0.100
2.873000,-0.0267,0.0707,0.0687,0.102
2.877000,-0.0097,0.0922,-0.1242,0.155
2.884000,0.0268,0.0751,0.0026,0.080
2.888000,0.0203,0.0700,0.0762,0.105
2.898000,0.0062,0.0962,-0.0859,0.129
2.898000,-0.0126,0.1030,-0.0544,0.117
2.904000,-0.0270,0.0931,-0.0160,0.098
2.907000,-0.0247,0.0663,0.0127,0.072
2.918000,-0.0537,0.0424,0.0363,0.077
2.924000,-0.0850,0.0499,-0.0875,0.132
2.927000,-0.0311,0.0787,0.0034,0.085
2.933000,0.0578,0.1336,-0.1177,0.187
2.937000,0.0730,0.1429,-0.0337,0.164
2.944000,0.0407,0.1143,-0.0073,0.122
2.950000,0.0402,0.1024,0.0069,0.110
2.952000,0.0617,0.0884,0.1326,0.171
2.957000,0.0971,0.0939,-0.0086,0.135
2.963000,0.0587,0.0994,-0.0442,0.124
2.967000,-0.0433,0.0571,0.0107,0.072
2.972000,-0.0275,0.0328,0.1364,0.143
2.977000,-0.0242,0.0272,0.2042,0.207
2.982000,-0.0720,0.0478,-0.0421,0.096
2.990000,-0.0529,0.0757,-0.0844,0.125
2.992000,-0.0790,0.0273,0.0350,0.091
2.997000,-0.0770,0.0222,-0.0033,0.080
3.002000,-0.0682,0.0503,-0.0554,0.101
3.006000,-0.0309,0.0637,-0.0027,0.071
3.014000,-0.0177,0.0582,-0.0549,0.082
3.015000,-0.0262,0.0550,-0.0829,0.103
3.021000,0.0416,0.0493,0.0436,0.078
3.042000,0.0829,0.0440,0.0647,0.114
3.043000,0.0808,0.0601,-0.0807,0.129
3.043000,0.1237,0.0620,0.0505,0.147
3.048000,0.1285,0.0304,-0.0211,0.134
3.051000,0.1122,0.0061,0.1073,0.155
3.056000,0.0675,-0.0057,0.0731,0.100
3.061000,-0.0177,0.0070,-0.0652,0.068
3.066000,-0.0574,0.0268,-0.0790,0.101
3.071000,-0.1048,0.0108,-0.0973,0.143
3.079000,-0.1358,-0.0201,-0.0395,0.143
3.080000,-0.1393,-0.0413,0.0154,0.146
3.086000,-0.1222,-0.0098,-0.0797,0.146
3.090000,-0.0904,0.0028,-0.0387,0.098
3.096000,-0.0441,0.0154,0.0234,0.052
3.101000,0.0019,0.0205,-0.0362,0.042
3.106000,0.0484,0.0007,0.0876,0.100
3.114000,0.1084,-0.0218,0.0917,0.144
3.114000,0.1161,0.0222,-0.0016,0.118
3.120000,0.1096,0.0974,-0.0324,0.150
3.125000,0.0468,0.1347,-0.1556,0.211
3.130000,-0.0222,0.1102,-0.0593,0.127
3.135000,-0.0748,0.0542,0.1335,0.162
3.140000,-0.1143,-0.0255,0.1728,0.209
3.151000,-0.1450,-0.0491,-0.0494,0.161
3.154000,-0.1369,-0.0871,0.0270,0.164
3.161000,-0.1386,-0.0305,0.0388,0.147
3.164000,-0.0725,-0.0346,-0.0160,0.082
3.170000,0.0261,0.0033,0.0341,0.043
3.175000,0.0790,0.0245,0.0506,0.097
3.179000,0.0658,0.0842,-0.0351,0.113
3.185000,0.0614,0.1251,-0.0537,0.149
3.189000,0.1296,0.1475,-0.1126,0.226
3.196000,0.1947,0.1315,0.0308,0.237
3.200000,0.1854,0.0945,0.0614,0.217
3.204000,0.0634,0.1145,-0.0887,0.158
3.209000,-0.0539,0.0888,-0.0523,0.116
3.214000,-0.0754,0.0697,0.0836,0.132
3.219000,-0.0615,0.0768,0.1067,0.145
3.224000,-0.0242,0.1061,-0.1315,0.171
3.229000,-0.0216,0.1930,-0.1779,0.263
3.233000,0.0270,0.1969,-0.0886,0.218
3.238000,0.0490,0.1774,-0.1117,0.215
3.244000,-0.0367,0.1533,0.0055,0.158
3.249000,-0.0700,0.0510,0.0505,0.100
3.253000,-0.1151,0.0060,0.1213,0.167
3.263000,-0.1582,-0.0023,0.2533,0.299
3.268000,-0.1299,0.0015,-0.1903,0.230
3.273000,-0.0519,-0.0133,0.0203,0.057
3.278000,-0.0071,0.0197,0.0463,0.051
3.283000,-0.0808,0.0762,-0.1084,0.155
3.288000,-0.1101,0.0177,-0.1003,0.150
3.292000,-0.0208,0.0360,0.0621,0.075
3.297000,0.0713,0.0516,-0.0477,0.100
3.303000,0.1350,-0.0121,-0.0451,0.143
3.307000,0.1857,-0.0673,0.1735,0.263
3.312000,0.1879,-0.1319,0.1172,0.258
3.317000,0.1796,-0.1141,0.0212,0.214
3.322000,0.0538,-0.0830,-0.0147,0.100
3.330000,-0.1790,-0.0974,-0.2164,0.297
3.332000,-0.3188,-0.0814,-0.2621,0.421
3.338000,-0.2850,-0.0546,0.0274,0.292
3.342000,-0.1500,0.0166,0.2149,0.263
3.347000,-0.0993,0.0111,0.1396,0.172
3.352000,-0.0604,-0.0397,0.1100,0.132
3.356000,0.1229,-0.0522,0.2279,0.264
3.362000,0.2882,-0.1139,0.1976,0.368
3.367000,0.3407,-0.1058,-0.0273,0.358
3.377000,0.3708,-0.0297,0.0275,0.373
3.381000,0.2390,0.0056,-0.0179,0.240
3.387000,0.1922,0.0818,-0.1366,0.250
3.391000,0.1154,0.1774,-0.2400,0.320
3.397000,0.0175,0.2258,-0.3949,0.455
3.402000,-0.1774,0.1148,-0.2446,0.323
3.406000,-0.2516,0.0471,0.0042,0.256
3.413000,-0.1240,0.0433,0.1109,0.172
3.417000,0.0201,0.0406,0.3616,0.364
3.421000,0.1477,-0.0049,0.3728,0.401
3.431000,0.0967,-0.0654,0.0917,0.148
3.432000,0.0202,-0.0252,-0.1751,0.178
3.435000,0.0823,-0.0057,-0.0027,0.083
3.441000,0.1722,-0.0463,0.2655,0.320
3.446000,0.2311,-0.0430,0.0400,0.238
3.451000,0.1919,-0.0007,-0.1053,0.219
3.455000,0.1269,0.0820,-0.0167,0.152
3.461000,0.0548,0.0808,-0.1521,0.181
3.466000,-0.1032,0.0291,-0.3052,0.323
3.471000,-0.2803,0.0486,-0.2125,0.355
3.476000,-0.3513,0.0420,-0.1039,0.369
3.481000,-0.2654,0.0142,-0.0580,0.272
3.491000,-0.1170,0.0489,-0.0955,0.159
3.496000,0.0697,0.0692,0.0334,0.104
3.500000,0.1246,0.0554,0.1304,0.189
3.505000,0.0442,0.0603,-0.0013,0.075
3.515000,-0.0204,0.1417,-0.2720,0.307
3.516000,-0.0079,0.1798,-0.1962,0.266
3.520000,0.1016,0.1151,0.1592,0.221
3.524000,0.2275,0.0245,0.3928,0.455
3.530000,0.1401,0.0012,0.2613,0.296
3.534000,-0.0458,0.0297,0.0074,0.055
3.540000,-0.0721,0.0639,-0.0543,0.111
3.544000,-0.1240,0.0784,-0.0870,0.171
3.550000,-0.2112,0.0551,-0.1123,0.245
3.555000,-0.1518,0.0558,0.0834,0.182
3.559000,-0.0526,0.0928,0.0756,0.131
3.564000,0.0325,0.0849,-0.1506,0.176
3.570000,0.1427,0.0148,0.0549,0.154
3.574000,0.2606,-0.0121,0.3465,0.434
3.579000,0.2079,0.0336,0.0468,0.216
3.584000,-0.0172,0.0754,-0.3549,0.363
3.589000,-0.1459,0.0044,-0.0695,0.162
3.595000,-0.1664,-0.0595,0.1092,0.208
3.606000,-0.1993,-0.0069,-0.2834,0.347
3.609000,-0.0015,-0.0727,0.3197,0.328
3.614000,0.1232,0.0454,0.1366,0.189
3.619000,0.0564,0.1284,-0.3654,0.391
3.624000,-0.0109,0.0561,0.0246,0.062
3.630000,-0.0460,-0.0128,0.3663,0.369
3.633000,-0.1469,-0.0526,0.0308,0.159
3.638000,-0.2396,-0.1121,-0.0263,0.266
3.644000,-0.2161,-0.1245,0.0405,0.253
3.648000,-0.1128,-0.0873,-0.1045,0.177
3.653000,0.0119,0.0277,-0.0679,0.074
3.659000,0.1618,0.1072,-0.0459,0.199
3.663000,0.1640,0.1162,-0.0408,0.205
3.667000,0.1103,0.0868,0.0426,0.147
3.673000,0.0915,0.0443,0.1254,0.161
3.677000,-0.0334,0.1113,-0.0939,0.149
3.682000,-0.1831,0.1578,-0.5679,0.617
3.687000,-0.1558,0.1618,-0.2047,0.304
3.694000,-0.0513,0.1359,0.2480,0.287
3.697000,-0.0540,0.0181,0.1011,0.116
3.702000,-0.0605,-0.0457,0.2474,0.259
3.707000,-0.0194,-0.0193,0.1646,0.167
3.718000,-0.0096,-0.0107,-0.1002,0.101
3.722000,-0.1849,0.0095,-0.0470,0.191
3.730000,-0.1041,0.1170,-0.1320,0.205
3.731000,0.0031,0.0699,-0.1406,0.157
3.737000,0.1101,-0.1030,0.1167,0.191
3.741000,0.2586,-0.1227,0.2887,0.407
3.760000,0.2035,-0.0562,-0.0938,0.231
3.761000,-0.0557,-0.0903,-0.3755,0.390
3.761000,-0.2025,-0.0742,-0.1016,0.238
3.761000,-0.2057,0.0121,0.2010,0.288
3.767000,-0.1402,-0.0304,0.3752,0.402
3.771000,0.0561,-0.0501,0.3959,0.403
3.776000,0.2069,-0.0684,0.0269,0.220
3.781000,0.2936,-0.1299,-0.0541,0.326
3.786000,0.4325,-0.0413,0.1505,0.460
3.791000,0.4241,0.0764,-0.1643,0.461
3.796000,0.2790,0.1668,-0.6024,0.685
3.800000,0.0858,0.1738,-0.3484,0.399
3.806000,0.1497,0.1755,0.1101,0.256
3.816000,0.2829,0.1533,0.5174,0.609
3.817000,0.1645,0.0311,0.6032,0.626
3.821000,-0.1275,0.0088,-0.1071,0.167
3.831000,-0.2443,-0.0615,-0.2844,0.380
3.835000,0.1449,-0.0056,0.1974,0.245
3.841000,0.2656,0.0577,0.0128,0.272
3.845000,0.2337,0.1909,-0.3293,0.447
3.850000,-0.0211,0.1591,-0.6259,0.646
3.855000,-0.2835,0.0426,-0.3026,0.417
3.861000,-0.3128,0.0876,0.0940,0.338
3.865000,-0.2524,0.1171,-0.1988,0.342
3.871000,-0.2253,0.0471,-0.0880,0.246
3.875000,-0.1342,0.0581,0.2023,0.250
3.880000,-0.0363,0.1114,-0.1817,0.216
3.886000,0.0626,0.1353,-0.2847,0.321
3.890000,0.2378,0.1310,0.0927,0.287
3.899000,0.1915,0.0119,0.4979,0.534
3.900000,0.0651,-0.0249,0.5816,0.586
3.904000,-0.0528,0.1409,-0.0500,0.159
3.918000,-0.2402,0.0909,-0.4816,0.546
3.919000,-0.0837,0.0329,0.1992,0.219
3.919000,0.1328,0.0956,0.3401,0.377
3.925000,0.2032,0.0569,-0.0640,0.221
3.929000,0.1667,0.0939,0.0052,0.191
3.934000,-0.0297,0.1010,-0.4983,0.509
3.945000,-0.1758,0.0109,-0.3303,0.374
3.951000,-0.1523,-0.0706,-0.0497,0.175
3.954000,0.0451,-0.0966,0.4779,0.490
3.959000,0.0582,0.1226,-0.0222,0.138
3.964000,-0.1326,0.0918,-0.3568,0.392
3.969000,-0.1541,0.0257,0.2967,0.335
3.974000,-0.2016,-0.0263,0.0995,0.226
3.979000,-0.2003,-0.2324,0.1226,0.330
3.985000,-0.1291,-0.0689,-0.0397,0.152
3.988000,-0.0102,0.1037,-0.4809,0.492
3.994000,0.0737,0.0634,0.2521,0.270
3.998000,0.0453,0.1099,0.2856,0.309
4.004000,0.0324,0.1441,-0.3198,0.352
4.008000,-0.0709,0.1625,-0.3978,0.436
4.014000,-0.1558,0.1776,-0.5038,0.556
4.018000,-0.1666,0.0927,0.0084,0.191
4.023000,-0.1800,-0.0721,0.6803,0.707
4.034000,-0.1134,-0.0775,0.4040,0.427
4.035000,-0.1346,0.0219,-0.1856,0.230
4.037000,-0.2553,0.0040,-0.2124,0.332
4.061000,-0.1299,0.1243,-0.2130,0.279
4.061000,-0.0333,0.1099,-0.1616,0.198
4.062000,0.1092,-0.1273,0.2288,0.284
4.062000,0.1012,-0.1473,-0.2267,0.289
4.067000,-0.0225,-0.1120,-0.0988,0.151
4.072000,-0.0747,0.0250,0.3866,0.395
4.078000,0.0128,-0.0002,0.6448,0.645
4.082000,0.1760,-0.0107,0.3261,0.371
4.087000,0.3081,-0.0552,-0.1112,0.332
4.092000,0.4252,0.0260,-0.3931,0.580
4.097000,0.3091,0.1342,-0.6584,0.740
4.101000,0.2520,0.1274,-0.2734,0.393
4.107000,0.4245,0.0664,0.4528,0.624
4.113000,0.5053,0.0019,0.8144,0.958
4.116000,0.1623,0.0226,0.1949,0.255
4.121000,0.0201,0.0906,-0.2983,0.312
4.135000,0.3775,0.1323,-0.1084,0.414
4.136000,0.3588,0.1112,0.3624,0.522
4.136000,-0.0351,0.0605,0.0506,0.086
4.142000,-0.4417,0.0695,-0.7572,0.879
4.146000,-0.6134,0.1087,-0.7533,0.978
4.151000,-0.5005,0.1317,-0.6807,0.855
4.157000,-0.4155,0.0635,-0.0388,0.422
4.161000,-0.2452,0.0719,0.2488,0.357
4.171000,-0.0708,0.1618,-0.2544,0.310
4.178000,0.2197,-0.1023,1.1129,1.139
4.180000,0.1986,-0.0252,1.1632,1.180
4.186000,-0.0451,0.1225,-0.4726,0.490
4.191000,-0.1659,0.1345,-1.0479,1.069
4.196000,0.1403,0.0606,0.1029,0.184
4.201000,0.4598,0.0327,1.0066,1.107
4.206000,0.2227,0.1759,-0.1891,0.341
4.216000,-0.2341,0.1306,-1.0589,1.092
4.217000,-0.2255,-0.0265,-0.1004,0.248
4.220000,-0.0748,-0.2077,0.6081,0.647
4.225000,0.0286,-0.0027,0.4085,0.410
4.236000,-0.1119,0.1249,-0.2263,0.282
4.237000,-0.2758,0.0417,-0.2458,0.372
4.240000,-0.2590,-0.0729,0.0222,0.270
4.244000,-0.1676,-0.1801,0.4282,0.494
4.250000,-0.0042,0.0136,-0.2637,0.264
4.255000,0.0172,0.0782,-0.3896,0.398
4.261000,-0.0290,-0.0316,0.4993,0.501
4.266000,-0.0027,0.1615,0.0917,0.186
4.270000,-0.0569,0.3685,-0.9680,1.037
4.275000,-0.1086,0.1548,-0.6443,0.671
4.285000,-0.1594,-0.0803,0.7287,0.750
4.290000,-0.3552,0.0187,-0.2791,0.452
4.297000,-0.4271,-0.0093,-0.3193,0.533
4.299000,-0.1348,0.1130,-0.1077,0.206
4.304000,-0.0186,0.0085,0.2536,0.254
4.309000,0.0964,-0.2025,0.4054,0.463
4.317000,0.1932,-0.3005,-0.1038,0.372
4.319000,-0.0181,-0.1740,-0.1525,0.232
4.325000,0.1461,0.0490,0.6114,0.631
4.329000,0.3541,0.0694,0.7087,0.795
4.334000,0.2205,0.0908,-0.2588,0.352
4.339000,0.3590,0.2176,-1.1095,1.186
4.345000,0.2996,0.0603,-0.7377,0.798
4.349000,0.3996,0.0852,0.6072,0.732
4.354000,0.7030,0.1940,1.1268,1.342
4.359000,0.7639,-0.0319,0.3317,0.833
4.363000,0.7308,0.0244,-0.1294,0.743
4.369000,0.5105,0.0750,0.1966,0.552
4.374000,0.1410,0.1720,0.0782,0.236
4.378000,-0.4352,0.1158,-0.1671,0.480
4.383000,-0.7183,0.0861,-0.8043,1.082
4.389000,-0.7417,0.0781,-1.0278,1.270
4.398000,-0.6952,0.1279,-0.4282,0.826
4.403000,-0.1341,-0.0544,0.2662,0.303
4.408000,0.1746,-0.2664,1.0523,1.099
4.414000,0.0497,-0.0264,0.6995,0.702
4.419000,-0.1049,0.2532,-0.2439,0.367
4.422000,0.0971,0.0180,-0.1800,0.205
4.430000,0.4858,0.0264,1.0538,1.161
4.432000,0.2854,0.1596,-0.0473,0.330
4.438000,-0.2268,0.1675,-1.3932,1.421
4.443000,-0.1473,-0.1419,-0.4770,0.519
4.448000,-0.0142,-0.2431,0.3558,0.431
4.453000,-0.0116,-0.0433,0.3459,0.349
4.457000,-0.3743,0.1707,-0.3050,0.512
4.462000,-0.3986,-0.0909,-0.0768,0.416
4.468000,-0.1192,-0.2114,0.9308,0.962
4.472000,0.0639,0.0622,0.2917,0.305
4.478000,0.0119,-0.0306,-0.5297,0.531
4.481000,-0.1682,0.1688,0.1824,0.300
4.487000,-0.0460,0.3469,-0.7142,0.795
4.492000,-0.1264,0.0207,-0.9196,0.928
4.497000,-0.1464,-0.2545,0.6289,0.694
4.502000,-0.1687,0.0894,0.4838,0.520
4.514000,-0.4358,0.1528,-0.5031,0.683
4.517000,-0.0687,0.0160,0.4647,0.470
4.523000,0.0561,-0.2454,0.5554,0.610
4.535000,0.1095,-0.2922,0.3417,0.463
4.536000,0.2538,-0.1224,0.2894,0.404
4.536000,0.3803,0.0925,0.4680,0.610
4.541000,0.3843,0.0473,0.1034,0.401
4.546000,0.2690,0.2106,-1.3318,1.375
4.550000,0.3296,0.0900,-1.2597,1.305
4.555000,0.6788,-0.1957,0.7731,1.047
4.561000,0.9384,0.1808,1.7804,2.021
4.566000,0.7423,0.0489,0.9822,1.232
4.572000,0.8574,0.0394,-0.5574,1.023
4.576000,0.4972,0.2523,-0.5697,0.797
4.580000,-0.5172,0.0172,0.1043,0.528
4.586000,-0.7173,0.0765,-0.5852,0.929
4.591000,-0.5824,0.0904,-1.0291,1.186
4.595000,-0.5763,0.1946,-1.0299,1.196
4.600000,-0.5061,0.3835,-0.7698,0.998
4.605000,-0.4839,-0.1211,0.2717,0.568
4.614000,-0.1246,-0.2742,1.2407,1.277
4.614000,0.1716,-0.0085,1.2212,1.233
4.625000,0.1764,0.1125,0.1023,0.233
4.632000,0.1142,0.0685,0.0347,0.138
4.634000,-0.1251,0.0558,-0.9724,0.982
4.640000,0.0272,-0.1394,-0.4396,0.462
4.644000,0.0113,-0.3411,0.4998,0.605
4.649000,-0.2143,0.0999,0.1445,0.277
4.655000,-0.3571,0.0356,-0.7634,0.844
4.659000,-0.2239,-0.1066,-0.0137,0.248
4.664000,0.1118,0.0477,0.8650,0.874
4.671000,0.0661,-0.0323,0.2667,0.277
4.674000,-0.0664,0.2301,-0.2697,0.361
4.678000,-0.0881,0.3080,-0.5454,0.633
4.684000,-0.2086,-0.1665,0.0242,0.268
4.689000,-0.1409,-0.2426,0.6676,0.724
4.694000,-0.3524,-0.0513,-0.3182,0.478
4.699000,-0.5001,0.2825,-1.1156,1.255
4.704000,-0.2398,0.1871,-0.3351,0.453
4.709000,-0.0216,-0.4571,0.6382,0.785
4.714000,0.1672,-0.3650,1.1837,1.250
4.719000,0.4287,-0.0112,1.2170,1.290
4.734000,0.3973,0.0030,0.5450,0.674
4.735000,0.2835,0.1993,-0.7250,0.804
4.740000,0.2621,0.2198,-1.7667,1.800
4.766000,0.8623,-0.0611,1.0088,1.329
4.767000,0.9431,0.1441,0.5055,1.080
4.767000,0.9715,0.0247,0.2946,1.016
4.767000,0.8670,0.0657,0.6553,1.089
4.768000,0.1933,0.1844,0.1783,0.321
4.768000,-0.5718,0.2459,-0.8983,1.093
4.774000,-0.8095,0.2568,-1.1843,1.457
4.778000,-0.7116,0.2127,-1.0489,1.285
4.783000,-0.6260,-0.0449,-0.1603,0.648
4.787000,-0.4650,-0.2260,0.8588,1.002
4.793000,-0.1491,-0.1387,0.3512,0.406
4.799000,0.0651,0.0327,0.0783,0.107
4.802000,0.2382,0.2126,0.5755,0.658
4.808000,0.0849,0.1508,-0.1189,0.210
4.814000,-0.0057,-0.0295,-0.4632,0.464
4.817000,0.1367,-0.1536,0.2883,0.354
4.823000,-0.0867,-0.1526,0.7018,0.723
4.839000,-0.4513,0.0155,-0.4275,0.622
4.840000,-0.3401,-0.1026,-1.0195,1.080
4.840000,0.0848,-0.2379,0.0557,0.259
4.844000,0.0095,-0.0332,0.4074,0.409
4.853000,-0.1898,0.2483,-0.4087,0.515
4.857000,-0.2620,-0.1322,1.0337,1.075
4.861000,-0.2283,-0.1313,0.9035,0.941
4.867000,-0.2677,0.0615,-0.4077,0.492
4.872000,-0.3391,0.2574,-0.8043,0.910
4.878000,-0.3476,0.0287,-0.7512,0.828
4.882000,0.0462,-0.8022,-0.0620,0.806
4.886000,0.4634,-0.4210,1.4399,1.570
4.891000,0.4961,0.4147,1.8285,1.940
4.896000,0.4759,0.2116,0.0453,0.523
4.902000,0.1630,0.0204,-1.8012,1.809
4.906000,0.2165,0.0537,-0.3723,0.434
4.914000,0.6473,-0.0400,1.0288,1.216
4.916000,0.9845,-0.0066,0.1116,0.991
4.921000,1.1245,0.1853,0.4153,1.213
4.926000,0.8420,0.0329,0.3528,0.914
4.931000,0.5128,0.0981,-0.3580,0.633
4.936000,-0.0853,0.4963,-0.7261,0.884
4.941000,-0.7353,0.3610,-1.6269,1.822
4.945000,-0.8843,-0.0610,-0.8550,1.232
4.951000,-0.6745,-0.1963,1.4227,1.587
4.956000,-0.5084,-0.1451,1.3522,1.452
4.966000,-0.1282,-0.2264,-0.0030,0.260
4.971000,-0.2098,0.3511,-1.1630,1.233
4.977000,0.2135,-0.3342,-0.1479,0.423
4.980000,0.2541,-0.3135,1.2871,1.349
4.985000,-0.2772,0.1741,0.3149,0.454
4.990000,-0.4711,0.0134,-0.7014,0.845
4.996000,-0.1064,-0.3430,-0.1069,0.375
5.000000,0.0022,-0.0614,0.2690,0.276
5.006000,-0.2692,0.3565,-0.6496,0.788
5.009000,-0.0195,0.1525,-0.6442,0.662
5.014000,-0.1172,-0.1458,1.0016,1.019
5.020000,-0.3698,-0.0523,0.4505,0.585
5.025000,-0.5164,-0.0035,-0.5396,0.747
5.029000,-0.4901,0.2956,-0.5367,0.785
5.035000,-0.2656,-0.0696,-0.4576,0.534
5.039000,0.0946,-0.9738,0.6186,1.158
5.044000,0.6889,-0.0537,1.7730,1.903
5.050000,0.7298,0.6247,1.4342,1.726
5.054000,0.3100,0.0378,-1.3698,1.405
5.059000,0.1292,-0.0849,-1.5338,1.542
5.065000,0.4944,-0.0479,0.8562,0.990
5.069000,0.7855,-0.0811,0.9051,1.201
5.079000,1.0352,0.1303,0.4138,1.122
5.085000,0.6019,0.1717,-0.4452,0.768
5.089000,-0.1962,0.3968,-0.3947,0.593
5.094000,-0.5744,0.3836,-1.4586,1.614
5.098000,-0.6483,-0.2131,-0.5960,0.906
5.104000,-0.5649,-0.1099,1.4447,1.555
5.109000,-0.3465,0.0312,1.1614,1.212
5.114000,-0.0026,-0.1731,0.5793,0.605
5.119000,-0.2162,0.2300,-1.2485,1.288
5.124000,-0.2155,0.1158,-1.9025,1.918
5.131000,0.2418,-0.3927,0.5911,0.750
5.134000,-0.2068,-0.1700,1.7049,1.726
5.138000,-0.3838,0.0890,0.0246,0.395
5.145000,-0.2036,-0.2343,-0.9527,1.002
5.148000,-0.2583,-0.2438,0.2566,0.438
5.153000,-0.1623,0.2629,-0.5064,0.593
5.158000,-0.1699,0.3309,-0.9867,1.054
5.163000,-0.1919,-0.1431,0.9058,0.937
5.168000,-0.3179,-0.1624,0.9191,0.986
5.173000,-0.4817,0.1881,-0.8082,0.959
5.178000,-0.5655,0.1997,-1.3693,1.495
5.182000,-0.1543,-0.6507,0.1647,0.689
5.192000,0.3485,-0.7220,1.8410,2.008
5.198000,0.6870,0.3965,-0.2435,0.830
5.202000,0.2704,-0.1320,-0.8556,0.907
5.207000,0.3512,-0.0025,0.1347,0.376
5.213000,0.6548,-0.0844,0.7749,1.018
5.217000,0.8445,0.0354,0.6686,1.078
5.222000,1.2211,0.2328,-0.4441,1.320
5.232000,0.7772,0.1268,-0.9959,1.270
5.233000,-0.1197,0.3893,-0.7629,0.865
5.237000,-0.4954,0.2987,-1.0635,1.211
5.242000,-0.2997,-0.0729,0.8316,0.887
5.247000,-0.3648,-0.0039,1.3307,1.380
5.251000,-0.2721,0.0095,0.1628,0.317
5.257000,-0.1701,-0.0232,0.5335,0.560
5.261000,-0.4313,0.1164,-1.1148,1.201
5.266000,-0.1138,-0.0346,-1.4414,1.446
5.272000,0.1408,-0.5228,0.8439,1.003
5.276000,-0.4404,-0.1853,1.3333,1.416
5.281000,-0.5451,0.2768,-0.2603,0.664
5.287000,-0.0141,-0.3169,-0.5343,0.621
5.291000,-0.1696,-0.1365,0.0621,0.226
5.295000,-0.2107,0.3312,-1.3871,1.442
5.306000,-0.3201,-0.0081,-0.0295,0.322
5.314000,-0.3038,0.1088,-0.3497,0.476
5.316000,-0.5717,0.2101,-1.9131,2.008
5.321000,-0.3538,-0.6817,-0.2660,0.813
5.325000,0.3245,-0.6710,2.4602,2.571
5.331000,0.7073,0.4728,1.6684,1.873
5.335000,0.6266,0.3211,-1.3319,1.507
5.341000,0.2840,-0.3105,-1.1131,1.190
5.345000,0.4256,-0.0212,0.9847,1.073
5.350000,0.7883,0.1164,1.3393,1.558
5.355000,0.8381,0.0170,0.1323,0.849
5.360000,0.9251,-0.0196,-1.2356,1.544
5.366000,0.6555,0.2158,-1.0715,1.275
5.370000,-0.0967,0.5647,-0.7523,0.946
5.375000,-0.4241,0.2019,0.2407,0.528
5.380000,-0.2254,-0.0494,1.0726,1.097
5.385000,-0.1528,0.0588,0.2062,0.263
5.390000,-0.0362,-0.0342,0.3954,0.399
5.395000,-0.4353,0.0044,0.1056,0.448
5.399000,-0.5094,0.1142,-1.6642,1.744
5.405000,0.1342,-0.5638,-0.0459,0.581
5.410000,-0.4335,-0.2876,2.0227,2.089
5.421000,-0.5577,0.2950,-0.1432,0.647
5.432000,-0.2627,-0.1226,0.0510,0.294
5.433000,-0.2488,0.1217,-0.9343,0.974
5.434000,-0.3480,-0.0068,0.0638,0.354
5.439000,-0.5322,-0.0746,1.3143,1.420
5.460000,-0.3397,0.0544,-0.6551,0.740
5.463000,-0.5323,0.0256,-1.7880,1.866
5.463000,-0.1208,-0.8321,0.3110,0.896
5.463000,0.5480,-0.3480,2.7018,2.779
5.464000,0.5859,0.7063,1.2451,1.547
5.468000,0.5451,0.0221,-1.9653,2.040
5.473000,0.4932,-0.5118,-0.4785,0.857
5.478000,0.5801,0.1110,1.8051,1.899
5.483000,0.8225,0.2514,0.3654,0.934
5.487000,0.7873,-0.2854,-0.7279,1.110
5.496000,0.7735,0.1199,-0.9493,1.230
5.498000,0.2776,0.5449,-0.8693,1.063
5.503000,-0.2484,0.2966,-0.3160,0.499
5.507000,-0.1547,-0.1041,0.6409,0.667
5.513000,-0.0102,0.1343,0.9155,0.925
5.517000,0.2181,0.1623,0.3936,0.478
5.522000,-0.4269,0.0059,0.0274,0.428
5.535000,-0.6106,0.0837,-1.5963,1.711
5.538000,-0.3714,-0.3996,2.3799,2.442
5.543000,-0.5469,0.3545,0.3521,0.741
5.559000,0.0126,-0.1883,-1.3215,1.335
5.560000,-0.4294,-0.2289,-0.2985,0.571
5.560000,-0.4416,0.1690,-0.4105,0.626
5.563000,-0.3064,-0.0750,0.3911,0.502
5.567000,-0.5375,-0.0150,0.3165,0.624
5.572000,-0.4668,-0.0454,-1.0995,1.195
5.577000,-0.3029,-0.2829,-0.4266,0.595
5.583000,0.0651,-0.6654,1.4077,1.558
5.587000,0.5704,-0.2054,1.8510,1.948
5.592000,0.7438,0.5990,0.0868,0.959
5.597000,0.5199,-0.2244,-1.0420,1.186
5.602000,0.6923,-0.1539,0.7378,1.023
5.607000,0.8206,0.3394,0.6838,1.121
5.611000,0.5941,-0.3774,-0.8285,1.087
5.617000,0.7106,0.0799,-0.5644,0.911
5.622000,0.4794,0.5719,-0.7813,1.080
5.626000,-0.1149,0.2206,-1.1965,1.222
5.631000,-0.3022,-0.0956,0.9259,0.979
5.638000,0.0398,0.0938,1.5468,1.550
5.651000,0.3597,0.2004,-0.0259,0.413
5.652000,-0.4949,0.0547,-1.4488,1.532
5.657000,0.1585,-0.4222,-0.8302,0.945
5.661000,-0.3683,-0.3695,2.1025,2.166
5.667000,-0.6054,0.2669,0.4121,0.779
5.671000,0.0364,-0.3266,-1.1229,1.170
5.676000,-0.3475,-0.3322,-0.1647,0.508
5.681000,-0.6361,0.3735,-0.2697,0.785
5.687000,-0.4098,-0.0015,-0.2862,0.500
5.691000,-0.4260,-0.3540,-0.1375,0.571
5.696000,-0.4072,0.1176,-0.5272,0.676
5.701000,-0.3542,-0.0478,-0.0823,0.367
5.706000,0.1080,-0.9470,1.1010,1.456
5.712000,0.6304,-0.3253,1.6594,1.805
5.716000,0.7625,0.6601,0.7825,1.277
5.721000,0.7393,-0.1351,0.0573,0.754
5.726000,0.6503,-0.2401,0.0975,0.700
5.731000,0.5864,0.1273,-0.5367,0.805
5.737000,0.5926,-0.1507,-0.6058,0.861
5.741000,0.8415,0.4378,-1.0739,1.433
5.750000,0.3521,0.3999,-1.1945,1.308
5.752000,-0.0969,-0.1419,1.3106,1.322
5.773000,0.0916,0.0956,1.8999,1.905
5.774000,-0.1041,0.1160,-0.4957,0.520
5.774000,-0.3945,0.2025,-1.0071,1.100
5.775000,-0.0642,-0.2496,-1.3360,1.361
5.780000,-0.1974,-0.5384,1.4059,1.518
5.784000,-0.4923,0.0750,0.9334,1.058
5.791000,-0.2618,0.0263,-0.5880,0.644
5.794000,-0.4196,-0.3809,0.1306,0.582
5.799000,-0.5153,0.0367,-0.2641,0.580
5.804000,-0.5279,0.1492,-0.4241,0.693
5.809000,-0.5340,-0.3479,0.0453,0.639
5.816000,-0.2412,-0.0842,-0.2871,0.384
5.818000,-0.3285,0.2799,-0.8588,0.961
5.825000,-0.0994,-0.9825,0.4880,1.102
5.830000,0.5207,-0.6312,2.2832,2.425
5.834000,0.8122,1.1009,0.3988,1.425
5.839000,0.5179,-0.3089,-0.2855,0.667
5.851000,0.6039,-0.4092,0.7453,1.043
5.852000,0.8174,0.3269,0.3638,0.953
5.854000,0.6438,-0.3122,-0.3829,0.812
5.859000,0.6110,0.2210,-2.0518,2.152
5.864000,0.2933,0.6763,-2.0663,2.194
5.874000,-0.0353,-0.0801,1.1766,1.180
5.878000,0.5236,0.4728,0.7645,1.040
5.884000,0.2748,0.0817,-0.1591,0.328
5.889000,-0.4404,0.1374,-1.6943,1.756
5.893000,-0.0524,-0.1248,-1.4916,1.498
5.898000,-0.3197,-0.6680,1.4682,1.644
5.903000,-0.3695,0.1815,0.6035,0.731
5.908000,-0.2537,-0.0870,-0.5182,0.584
5.914000,-0.6571,-0.3463,-0.0605,0.745
5.918000,-0.6097,0.1881,-0.6510,0.912
5.923000,-0.5130,-0.1165,-0.2389,0.578
5.933000,-0.5516,-0.3371,0.4573,0.792
5.933000,-0.2256,0.2546,-0.3111,0.461
5.938000,-0.0775,-0.1472,-0.6245,0.646
5.942000,0.0295,-1.2506,1.5545,1.995
5.954000,0.6092,0.4961,1.6150,1.796
5.954000,0.4647,0.5436,-0.7207,1.015
5.957000,0.6539,-0.7495,-0.0839,0.998
5.962000,0.8523,-0.0653,0.8675,1.218
5.968000,0.7359,0.0069,0.0554,0.738
5.972000,0.6153,-0.1912,-0.2292,0.684
5.978000,0.3937,0.4126,-1.4484,1.557
5.987000,-0.2016,0.2796,-1.4608,1.501
5.992000,0.1221,0.0486,2.2407,2.245
5.996000,0.4161,-0.0396,1.3062,1.371
6.001000,0.2874,0.0506,0.0211,0.293
6.006000,-0.6923,0.2485,-2.7026,2.801
6.011000,-1.1834,-0.4094,-2.7209,2.995
6.016000,-0.4368,-0.1428,0.3266,0.564
6.021000,0.4723,0.1012,1.2855,1.373
6.026000,0.3612,-0.2607,1.3250,1.398
6.031000,0.0992,0.0498,0.0681,0.130
6.037000,-0.0276,0.0211,-1.3883,1.389
6.042000,-0.3879,-0.1182,-0.2413,0.472
6.047000,0.1622,0.1467,0.9543,0.979
6.051000,-0.0698,-0.2897,0.7182,0.778
6.056000,-0.8244,-0.7841,-0.3971,1.205
6.065000,0.1203,0.1554,-1.3289,1.343
6.065000,0.3912,-0.1688,-0.1368,0.448
6.071000,0.3697,-0.4014,1.7160,1.801
6.076000,1.0074,0.1046,1.2351,1.597
6.081000,1.0017,-0.0306,-0.5624,1.149
6.085000,1.0786,-0.1352,-0.9778,1.462
6.091000,2.3302,0.2275,0.0039,2.341
6.100000,1.8546,0.7638,1.1466,2.310
6.106000,-1.2295,-0.1378,-1.6023,2.024
6.111000,-0.7318,0.0234,-1.0501,1.280
6.115000,-0.9564,0.0037,-0.3578,1.021
6.120000,-0.6544,-0.2412,-0.2212,0.732
6.125000,-0.5301,-0.3110,1.4240,1.551
6.131000,-0.4843,0.2354,-0.0125,0.539
6.135000,-0.3290,0.1024,-1.8130,1.845
6.140000,-0.6628,-0.0236,-0.8115,1.048
6.147000,-0.7056,-0.0480,0.6432,0.956
6.149000,-0.3826,-0.3297,0.6234,0.802
6.155000,-0.2528,-0.1299,-0.6301,0.691
6.160000,0.1268,0.1780,-1.2276,1.247
6.165000,1.2525,-0.6912,1.5202,2.087
6.170000,3.2263,-2.5453,3.3277,5.288
6.174000,1.7288,-3.4802,-3.3215,5.112
6.179000,-0.1857,-6.2056,-4.1427,7.464
6.185000,-0.0732,-9.1010,4.7449,10.264
6.189000,-0.2844,-11.5215,4.8394,12.500
6.195000,0.4399,-20.3848,0.7835,20.405
6.199000,1.2218,-24.7615,3.5403,25.043
6.204000,1.5746,-24.0035,3.5173,24.311
6.214000,1.7223,-23.4125,-0.0405,23.476
6.219000,0.6472,-10.4450,-1.0329,10.516
6.224000,-0.4788,-6.5479,-2.3062,6.959
6.231000,-0.3099,-4.6720,0.4414,4.703
6.234000,0.2234,-3.0036,3.1451,4.355
6.238000,-0.1005,-1.6704,0.4036,1.721
6.245000,-0.4296,-1.5032,-1.1388,1.934
6.248000,-0.4215,-0.6459,0.3814,0.860
6.253000,-0.4024,0.3565,1.3305,1.435
6.259000,-0.2844,0.5072,0.6286,0.856
6.264000,-0.2003,0.3915,0.0015,0.440
6.268000,0.0009,0.4020,-0.3834,0.556
6.273000,0.5492,0.8216,0.2219,1.013
6.277000,1.0311,1.0679,0.8313,1.701
6.282000,1.2320,0.9439,0.2777,1.577
6.287000,1.0761,0.8906,-0.7296,1.576
6.292000,0.6130,0.8495,-0.7479,1.287
6.297000,0.0676,1.0099,0.4272,1.099
6.302000,-0.3656,1.0418,0.8503,1.394
6.307000,-0.7390,0.8798,-0.4989,1.253
6.312000,-0.8984,0.7645,-1.4879,1.899
6.317000,-0.3426,0.8854,-0.7184,1.191
6.335000,0.1407,0.8567,0.1071,0.875
6.337000,0.3928,0.6499,-0.6535,1.002
6.337000,0.1022,0.7333,0.4616,0.873
6.342000,-0.0813,0.8820,0.8749,1.245
6.368000,-0.0535,0.9565,0.7185,1.198
6.369000,-0.0312,0.9845,0.0793,0.988
6.369000,-0.0518,0.8574,-0.6501,1.077
6.370000,0.0828,0.7998,-0.3720,0.886
6.370000,0.2786,0.9493,0.0996,0.994
6.371000,0.2579,0.9366,-0.2640,1.007
6.379000,0.1030,0.8055,-0.4144,0.912
6.381000,-0.1462,0.8639,0.0117,0.876
6.386000,-0.4685,0.9845,0.2340,1.115
6.391000,-0.5963,0.9515,0.3222,1.168
6.398000,-0.3290,0.8900,0.3170,1.000
6.400000,0.0387,0.8751,-0.1138,0.883
6.405000,0.1515,0.8992,-0.3074,0.962
6.411000,0.1998,0.8774,0.0013,0.900
6.416000,0.2803,0.7343,0.1496,0.800
6.420000,0.1771,0.7754,-0.1113,0.803
6.425000,-0.0968,0.9229,-0.2355,0.957
6.430000,-0.3347,0.9829,-0.0129,1.038
6.440000,-0.3767,1.0112,0.1377,1.088
6.450000,-0.1389,0.8531,-0.3001,0.915
6.452000,-0.0850,0.8338,-0.3117,0.894
6.456000,-0.0145,0.8400,-0.2659,0.881
6.488000,0.0345,0.8091,-0.2894,0.860
6.489000,0.0497,0.7802,-0.3584,0.860
6.490000,-0.0090,0.8209,-0.2503,0.858
6.490000,-0.0047,0.8091,0.0083,0.809
6.491000,0.0233,0.7975,0.1064,0.805
6.491000,0.0055,0.8026,0.0393,0.804
6.492000,-0.0148,0.7503,-0.0778,0.754
6.500000,-0.0329,0.7481,-0.1279,0.760
6.501000,-0.0634,0.7621,-0.1564,0.781
6.504000,-0.0823,0.7378,-0.2374,0.779
6.511000,-0.0364,0.7401,-0.1725,0.761
6.515000,0.0289,0.7716,-0.0240,0.772
6.519000,0.0440,0.8084,0.1028,0.816
6.524000,0.0039,0.8096,0.2222,0.840
6.529000,-0.0679,0.7873,0.2004,0.815
6.534000,-0.1038,0.7606,0.0734,0.771
6.539000,-0.0701,0.7268,-0.0080,0.730
6.550000,0.0017,0.7122,-0.0869,0.717
6.554000,0.0425,0.7072,-0.1371,0.722
6.559000,-0.0268,0.6571,-0.0365,0.659
6.576000,-0.0627,0.5955,0.0472,0.601
6.577000,-0.0605,0.5052,0.1236,0.524
6.578000,-0.0250,0.4438,0.1090,0.458
6.578000,0.0033,0.3991,-0.0012,0.399
6.583000,0.0294,0.3663,-0.0969,0.380
6.588000,0.0580,0.3404,-0.1661,0.383
6.597000,0.0458,0.3093,-0.2257,0.386
6.599000,0.0096,0.2803,-0.2015,0.345
6.603000,-0.0145,0.2656,-0.1104,0.288
6.608000,-0.0197,0.2698,-0.0289,0.272
6.613000,-0.0323,0.2741,0.0118,0.276
6.617000,-0.0355,0.2665,0.0022,0.269
6.623000,-0.0077,0.2253,-0.0169,0.226
6.641000,0.0226,0.1696,-0.0504,0.178
6.644000,0.0459,0.1327,-0.0885,0.166
6.644000,0.0838,0.1173,-0.1171,0.186
6.645000,0.0835,0.1186,-0.1145,0.185
6.647000,0.0209,0.1200,-0.0354,0.127
6.654000,-0.0540,0.1383,0.0579,0.159
6.657000,-0.0650,0.1710,0.0938,0.206
6.667000,-0.0131,0.1852,0.1343,0.229
6.672000,0.0677,0.1901,0.0480,0.207
6.680000,0.0504,0.2166,-0.0333,0.225
6.682000,0.0281,0.2287,-0.0500,0.236
6.687000,0.0151,0.2429,-0.0093,0.244
6.692000,-0.0742,0.1786,0.0265,0.195
6.697000,-0.0676,0.1289,0.0647,0.159
6.701000,0.0824,0.1942,0.1124,0.239
6.706000,0.1413,0.2284,0.0812,0.281
6.713000,0.0999,0.2100,0.0786,0.245
6.716000,0.0108,0.1726,0.0235,0.175
6.721000,-0.0543,0.1304,-0.1176,0.184
6.731000,-0.0406,0.1214,-0.1343,0.185
6.733000,0.0085,0.1524,-0.1078,0.187
6.736000,-0.0192,0.1858,-0.0957,0.210
6.741000,-0.0828,0.2054,-0.1171,0.251
6.754000,-0.0549,0.2113,-0.0782,0.232
6.756000,0.0577,0.2214,0.0222,0.230
6.756000,0.0718,0.1983,-0.0088,0.211
6.763000,-0.0323,0.1523,-0.1251,0.200
6.766000,-0.0289,0.1494,-0.1526,0.215
6.771000,0.0673,0.1342,-0.0587,0.161
6.781000,0.0595,0.0977,-0.0250,0.117
6.785000,-0.0518,0.0518,-0.0057,0.073
6.790000,-0.0574,0.0321,0.2246,0.234
6.796000,-0.0240,0.0765,0.0898,0.120
6.801000,0.0477,0.0919,0.0844,0.134
6.805000,0.0147,0.0885,0.1193,0.149
6.812000,-0.0304,0.1095,-0.1428,0.183
6.815000,0.0375,0.0944,-0.0158,0.103
6.820000,0.0668,0.0817,0.1482,0.182
6.825000,-0.0119,0.1246,-0.1142,0.169
6.830000,-0.0414,0.1049,0.0672,0.131
6.835000,-0.0334,0.0950,0.2257,0.247
6.840000,-0.0335,0.1760,-0.1086,0.210
6.853000,0.0320,0.1876,0.0371,0.194
6.854000,0.0830,0.1540,0.1412,0.225
6.856000,0.0711,0.1569,-0.1900,0.257
6.865000,0.0037,0.0977,-0.0247,0.101
6.867000,-0.0763,0.0553,0.0847,0.127
6.883000,-0.1383,0.0749,-0.1986,0.253
6.884000,-0.1687,0.0724,-0.0141,0.184
6.884000,-0.0931,0.1032,-0.0163,0.140
6.885000,0.0227,0.1388,-0.1467,0.203
6.897000,0.0597,0.1293,0.0682,0.158
6.899000,0.0908,0.1170,-0.0677,0.163
6.905000,0.0808,0.0951,0.0634,0.140
6.909000,0.0395,0.1140,-0.1911,0.226
6.914000,-0.0370,0.1421,-0.0803,0.167
6.919000,-0.0630,0.1367,-0.0345,0.154
6.924000,-0.0651,0.1266,-0.0081,0.143
6.933000,-0.0251,0.1597,-0.0437,0.167
6.934000,0.0658,0.1230,0.0826,0.162
6.939000,0.1363,0.1009,0.1626,0.235
6.955000,0.1192,0.0907,0.0402,0.155
6.956000,0.0832,0.0731,0.0637,0.128
6.956000,0.0906,0.0601,0.0560,0.122
6.958000,0.1104,0.0379,0.1126,0.162
6.964000,0.1092,0.0352,0.0974,0.151
6.968000,0.1040,0.0230,0.1346,0.172
6.973000,0.0505,0.0036,0.0907,0.104
6.979000,-0.0730,0.0366,-0.0548,0.098
6.984000,-0.1442,0.0668,-0.0804,0.178
6.988000,-0.1079,0.0562,0.0082,0.122
6.995000,-0.0453,0.0724,0.0485,0.098
6.997000,0.0329,0.0683,0.0148,0.077
7.013000,0.1450,0.0592,-0.0733,0.173
7.014000,0.2930,0.1345,-0.1726,0.366
7.017000,0.3089,0.1082,-0.1145,0.347
7.022000,0.2037,0.1040,-0.1258,0.261
7.028000,0.0773,0.1283,-0.2414,0.284
7.034000,-0.0570,0.0730,-0.0426,0.102
7.037000,-0.1831,0.0600,0.0406,0.197
7.047000,-0.2291,0.0843,-0.1070,0.266
7.048000,-0.2421,0.0596,0.0077,0.249
7.056000,-0.2594,0.0915,0.0290,0.277
7.057000,-0.3111,0.0941,0.0051,0.325
7.062000,-0.3643,0.0410,0.0526,0.370
7.067000,-0.1617,-0.0031,0.0215,0.163
7.071000,0.4272,-0.1776,-0.0759,0.469
7.077000,0.7700,-0.4565,0.0483,0.896
7.081000,0.4162,-1.0866,0.4538,1.249
7.086000,0.0090,-1.6311,0.3574,1.670
7.091000,-0.0235,-1.8774,0.0364,1.878
7.096000,-0.0200,-2.1218,0.1478,2.127
7.101000,0.0501,-2.1372,0.0896,2.140
7.107000,0.1905,-2.1927,0.2384,2.214
7.111000,0.1888,-2.3051,0.2601,2.327
7.121000,0.1686,-2.3338,0.0609,2.341
7.129000,0.1009,-2.1718,0.2123,2.184
7.132000,0.0433,-1.9325,0.1892,1.942
7.136000,0.0069,-1.6335,0.1116,1.637
7.141000,0.0231,-1.3534,0.0656,1.355
7.146000,0.0799,-1.0968,0.1458,1.109
7.151000,0.1200,-0.8516,0.1113,0.867
7.155000,0.1008,-0.6467,0.0391,0.656
7.160000,0.0435,-0.4508,-0.0111,0.453
7.165000,-0.0372,-0.2635,-0.0110,0.266
7.170000,-0.0410,-0.0895,0.0223,0.101
7.175000,0.0075,0.0400,-0.0136,0.043
7.181000,0.0101,0.1487,0.0008,0.149
7.186000,-0.0211,0.2992,0.0008,0.300
7.190000,-0.0186,0.4463,-0.0538,0.450
7.196000,-0.0039,0.5470,-0.0391,0.548
7.200000,0.0035,0.6250,-0.0673,0.629
7.205000,0.0559,0.7329,-0.0952,0.741
7.211000,0.1008,0.8588,-0.0612,0.867
7.215000,0.0770,0.9506,-0.0393,0.955
7.220000,0.0515,0.9946,-0.0983,1.001
7.224000,0.0003,0.9816,-0.1474,0.993
7.235000,-0.1038,0.9423,-0.0797,0.951
7.239000,-0.1719,0.9081,-0.0719,0.927
7.245000,-0.1519,0.8860,-0.1093,0.906
7.249000,-0.1012,0.8193,-0.1273,0.835
7.254000,-0.0175,0.7055,-0.0361,0.707
7.260000,0.0226,0.6165,0.0189,0.617
7.264000,0.0151,0.5308,-0.0454,0.533
7.269000,0.0030,0.4270,-0.0284,0.428
7.274000,-0.0020,0.3216,0.0098,0.322
7.279000,-0.0072,0.2244,-0.0021,0.224
7.284000,-0.0028,0.1327,-0.0069,0.133
7.289000,0.0062,0.0440,-0.0021,0.044
7.296000,0.0057,-0.0605,0.0098,0.062
7.299000,0.0099,-0.1546,0.0335,0.158
7.304000,0.0285,-0.2219,0.0308,0.226
7.310000,0.0399,-0.2886,0.0116,0.292
7.313000,0.0204,-0.3477,0.0162,0.349
7.318000,0.0250,-0.3826,0.0208,0.384
7.323000,0.0366,-0.4077,0.0206,0.410
7.328000,0.0220,-0.4162,0.0086,0.417
7.334000,0.0241,-0.4127,-0.0010,0.413
7.338000,0.0239,-0.3975,0.0062,0.398
7.349000,0.0215,-0.3635,0.0156,0.364
7.353000,0.0357,-0.2538,0.0060,0.256
7.359000,0.0214,-0.1926,0.0083,0.194
7.379000,0.0072,-0.1247,0.0154,0.126
7.381000,0.0050,-0.0455,0.0057,0.046
7.381000,0.0004,0.0329,-0.0085,0.034
7.382000,-0.0042,0.0917,0.0034,0.092
7.384000,0.0007,0.1430,0.0034,0.143
7.388000,0.0080,0.1962,-0.0038,0.196
7.396000,0.0080,0.2421,-0.0014,0.242
7.401000,0.0008,0.2638,-0.0085,0.264
7.402000,0.0009,0.2783,-0.0179,0.279
7.407000,-0.0086,0.2832,-0.0178,0.284
7.414000,-0.0110,0.2833,-0.0129,0.284
7.417000,-0.0038,0.2693,-0.0056,0.269
7.422000,-0.0014,0.2578,-0.0080,0.258
7.430000,0.0057,0.2441,-0.0127,0.244
7.432000,0.0009,0.2234,-0.0078,0.224
7.437000,0.0032,0.1838,-0.0030,0.184
7.442000,0.0056,0.1304,-0.0030,0.131
7.450000,0.0008,0.0917,-0.0006,0.092
7.452000,0.0056,0.0486,-0.0006,0.049
7.465000,0.0079,0.0103,-0.0077,0.015
7.466000,0.0055,-0.0539,-0.0077,0.055
7.471000,0.0031,-0.0772,-0.0005,0.077
7.478000,0.0054,-0.0932,0.0019,0.093
7.481000,0.0052,-0.1044,-0.0100,0.105
7.486000,0.0003,-0.1108,-0.0099,0.111
7.491000,-0.0021,-0.1054,-0.0051,0.106
7.496000,0.0003,-0.0928,-0.0003,0.093
7.501000,0.0075,-0.0804,0.0021,0.081
7.506000,0.0098,-0.0492,-0.0003,0.050
7.511000,0.0098,-0.0300,0.0021,0.032
7.516000,0.0075,-0.0086,0.0021,0.012
7.521000,0.0051,0.0245,0.0045,0.025
7.536000,0.0076,0.0479,0.0020,0.049
7.537000,0.0029,0.0711,0.0044,0.071
7.544000,-0.0254,0.0919,0.0067,0.096
7.545000,-0.0178,0.1126,0.0043,0.114
7.568000,0.0301,0.1570,0.0138,0.160
7.570000,0.0160,0.1844,0.0018,0.185
7.570000,0.0019,0.1926,-0.0054,0.193
7.570000,0.0070,0.1985,0.0065,0.199
7.571000,-0.0095,0.1829,-0.0007,0.183
7.576000,-0.0024,0.1580,0.0017,0.158
7.584000,-0.0070,0.1382,-0.0268,0.141
7.585000,0.0219,0.1280,-0.0243,0.132
7.590000,0.0390,0.1015,-0.0146,0.110
7.595000,0.0251,0.0728,-0.0216,0.080
7.600000,0.0088,0.0395,-0.0072,0.041
7.605000,-0.0194,0.0087,-0.0024,0.021
7.612000,-0.0237,-0.0314,-0.0096,0.040
7.616000,-0.0043,-0.0522,-0.0190,0.056
7.619000,0.0152,-0.0561,-0.0212,0.062
7.625000,0.0301,-0.0720,0.0003,0.078
7.631000,0.0332,-0.0781,-0.0045,0.085
7.635000,0.0220,-0.0748,-0.0092,0.078
7.639000,0.0062,-0.0690,-0.0068,0.070
7.651000,-0.0024,-0.0611,0.0027,0.061
7.653000,-0.0064,-0.0509,0.0074,0.052
7.654000,-0.0107,-0.0433,0.0026,0.045
7.659000,-0.0200,-0.0383,0.0050,0.044
7.680000,-0.0174,-0.0216,-0.0022,0.028
7.681000,-0.0030,-0.0050,-0.0069,0.009
7.681000,0.0017,0.0092,0.0026,0.010
7.681000,0.0089,0.0162,0.0097,0.021
7.688000,0.0160,0.0138,0.0049,0.022
7.694000,0.0064,0.0328,0.0167,0.037
7.698000,0.0112,0.0445,0.0237,0.052
7.703000,0.0016,0.0443,0.0093,0.045
7.708000,-0.0151,0.0392,0.0092,0.043
7.714000,-0.0200,0.0319,0.0115,0.039
7.718000,-0.0202,0.0317,-0.0005,0.038
7.723000,-0.0205,0.0456,0.0067,0.050
7.732000,0.0101,0.0667,-0.0053,0.068
7.733000,0.0241,0.0711,-0.0242,0.079
7.738000,0.0191,0.0658,-0.0121,0.070
7.755000,0.0093,0.0535,-0.0239,0.059
7.756000,-0.0003,0.0460,-0.0142,0.048
7.756000,-0.0076,0.0479,0.0049,0.049
7.757000,-0.0223,0.0425,-0.0141,0.050
7.765000,-0.0083,0.0396,-0.0140,0.043
7.768000,0.0032,0.0390,-0.0115,0.041
7.773000,0.0146,0.0384,-0.0161,0.044
7.779000,0.0214,0.0212,-0.0160,0.034
7.782000,0.0211,0.0089,-0.0111,0.025
7.787000,0.0233,0.0014,-0.0062,0.024
7.792000,0.0111,-0.0131,0.0033,0.017
7.803000,-0.0056,-0.0273,0.0033,0.028
7.807000,0.0111,-0.0320,0.0009,0.034
7.813000,0.0207,-0.0271,0.0080,0.035
7.818000,0.0232,-0.0150,0.0056,0.028
7.822000,0.0162,-0.0005,-0.0016,0.016
7.833000,0.0167,0.0164,-0.0064,0.024
7.834000,0.0124,0.0213,-0.0039,0.025
7.840000,-0.0135,0.0214,0.0127,0.028
7.843000,-0.0254,0.0307,0.0268,0.048
7.863000,-0.0207,0.0423,0.0100,0.048
7.864000,-0.0280,0.0539,-0.0091,0.061
7.864000,0.0101,0.0703,-0.0066,0.071
7.865000,0.0364,0.0868,-0.0137,0.095
7.866000,0.0342,0.0888,0.0006,0.095
7.871000,0.0296,0.0909,0.0053,0.096
7.882000,-0.0034,0.0929,-0.0185,0.095
7.883000,-0.0102,0.0830,-0.0088,0.084
7.885000,-0.0242,0.0779,-0.0135,0.083
7.891000,-0.0023,0.0727,-0.0063,0.073
7.896000,0.0097,0.0485,0.0032,0.050
7.901000,0.0119,0.0267,-0.0015,0.029
7.905000,0.0021,0.0074,0.0056,0.010
7.916000,-0.0122,-0.0141,0.0008,0.019
7.921000,0.0022,-0.0472,-0.0111,0.049
7.926000,0.0119,-0.0540,-0.0015,0.055
7.933000,0.0263,-0.0702,0.0104,0.076
7.936000,0.0263,-0.0720,0.0151,0.078
7.941000,0.0097,-0.0643,0.0054,0.065
7.948000,-0.0019,-0.0519,-0.0041,0.052
7.966000,-0.0244,-0.0511,-0.0112,0.058
7.967000,-0.0155,-0.0644,-0.0136,0.068
7.967000,0.0137,-0.0614,0.0174,0.065
7.967000,-0.0031,-0.0420,0.0244,0.049
7.971000,-0.0245,-0.0013,-0.0043,0.025
7.974000,-0.0220,0.0532,0.0100,0.058
7.979000,-0.0152,0.1002,0.0147,0.102
7.984000,-0.0014,0.1278,0.0074,0.128
7.989000,-0.0021,0.1479,0.0169,0.149
7.994000,-0.0123,0.1846,-0.0094,0.185
7.999000,-0.0007,0.2282,-0.0401,0.232
8.004000,0.0135,0.2526,-0.0208,0.254
8.010000,0.0279,0.2674,-0.0159,0.269
8.015000,0.0280,0.2442,-0.0134,0.246
8.019000,0.0134,0.2092,-0.0038,0.210
8.029000,0.0008,0.1885,-0.0061,0.189
8.034000,-0.0287,0.1084,0.0105,0.113
8.039000,-0.0108,0.0810,0.0034,0.082
8.046000,0.0289,0.0635,0.0057,0.070
8.049000,0.0998,-0.0036,0.0081,0.100
8.053000,0.0803,-0.1460,-0.0039,0.167
8.059000,-0.0270,-0.2467,-0.0110,0.248
8.063000,-0.0339,-0.2541,0.0200,0.257
8.069000,-0.0218,-0.2424,0.0222,0.244
8.073000,-0.0313,-0.2475,0.0125,0.250
